用户id,time,消费金额
17,2020-01-01 00:30:04,17.0
38,2020-01-01 01:14:13,87.0
36,2020-01-01 02:48:01,12.0
36,2020-01-01 02:50:20,4.0
31,2020-01-01 03:14:22,6.0
4,2020-01-01 03:21:17,14.000000000000002
10,2020-01-01 04:05:26,33.0
39,2020-01-01 04:33:25,81.0
96,2020-01-01 04:58:30,75.0
72,2020-01-01 06:35:31,85.0
60,2020-01-01 06:42:26,11.0
52,2020-01-01 06:59:07,88.0
47,2020-01-01 08:32:40,84.0
23,2020-01-01 09:39:03,45.0
66,2020-01-01 10:01:48,22.0
42,2020-01-01 10:20:51,83.0
78,2020-01-01 10:29:19,18.0
94,2020-01-01 11:43:13,48.0
95,2020-01-01 13:06:25,95.0
40,2020-01-01 13:32:52,78.0
73,2020-01-01 14:08:18,55.00000000000001
56,2020-01-01 14:33:25,77.0
8,2020-01-01 14:58:29,95.0
57,2020-01-01 15:36:26,44.0
63,2020-01-01 16:34:23,61.0
29,2020-01-01 17:12:53,66.0
45,2020-01-01 17:47:05,88.0
63,2020-01-01 17:51:57,86.0
66,2020-01-01 19:39:38,20.0
43,2020-01-01 20:06:06,21.0
68,2020-01-01 20:36:36,77.0
37,2020-01-01 21:27:02,80.0
96,2020-01-01 22:48:55,74.0
69,2020-01-01 23:24:55,5.0
13,2020-01-01 23:48:37,72.0
27,2020-01-02 01:06:43,54.0
89,2020-01-02 01:14:29,23.0
53,2020-01-02 02:06:02,3.0
36,2020-01-02 02:54:40,60.0
93,2020-01-02 03:55:41,46.0
42,2020-01-02 03:59:10,17.0
73,2020-01-02 04:44:08,96.0
93,2020-01-02 06:06:47,39.0
95,2020-01-02 06:07:40,68.0
67,2020-01-02 06:14:27,41.0
98,2020-01-02 06:20:34,92.0
5,2020-01-02 06:21:36,33.0
54,2020-01-02 09:52:59,39.0
62,2020-01-02 09:55:50,76.0
5,2020-01-02 09:56:19,66.0
24,2020-01-02 11:28:01,33.0
63,2020-01-02 12:02:23,22.0
13,2020-01-02 12:12:13,90.0
49,2020-01-02 12:37:10,77.0
6,2020-01-02 12:58:14,100.0
32,2020-01-02 13:21:44,53.0
9,2020-01-02 13:30:12,37.0
95,2020-01-02 14:24:39,55.00000000000001
33,2020-01-02 14:43:27,37.0
50,2020-01-02 16:29:15,34.0
50,2020-01-02 18:52:50,59.0
96,2020-01-02 19:06:13,12.0
43,2020-01-02 19:13:27,2.0
50,2020-01-02 20:10:23,69.0
69,2020-01-02 20:24:28,94.0
94,2020-01-02 21:08:24,23.0
30,2020-01-02 22:20:38,82.0
60,2020-01-02 22:24:04,22.0
59,2020-01-02 22:57:36,61.0
51,2020-01-02 23:29:19,71.0
85,2020-01-02 23:34:03,30.0
83,2020-01-03 00:59:05,28.999999999999996
83,2020-01-03 01:20:47,40.0
1,2020-01-03 02:14:33,23.0
69,2020-01-03 04:06:04,9.0
48,2020-01-03 05:12:08,33.0
20,2020-01-03 05:14:33,26.0
38,2020-01-03 06:04:22,72.0
25,2020-01-03 06:05:29,89.0
16,2020-01-03 06:07:21,10.0
49,2020-01-03 06:09:22,48.0
10,2020-01-03 06:47:22,62.0
43,2020-01-03 07:24:03,19.0
79,2020-01-03 11:05:47,1.0
14,2020-01-03 11:32:18,21.0
94,2020-01-03 11:47:10,93.0
98,2020-01-03 12:19:59,45.0
19,2020-01-03 12:44:33,43.0
23,2020-01-03 12:45:41,28.000000000000004
97,2020-01-03 12:46:25,61.0
15,2020-01-03 13:04:28,41.0
59,2020-01-03 14:29:58,50.0
40,2020-01-03 14:54:01,20.0
44,2020-01-03 15:07:06,46.0
15,2020-01-03 15:13:25,60.0
6,2020-01-03 15:15:18,51.0
34,2020-01-03 16:23:37,41.0
27,2020-01-03 17:22:43,15.0
27,2020-01-03 18:15:36,34.0
39,2020-01-03 18:27:55,5.0
16,2020-01-03 18:37:47,62.0
15,2020-01-03 19:03:56,49.0
98,2020-01-03 19:13:46,98.0
61,2020-01-03 19:14:37,49.0
25,2020-01-03 19:31:04,43.0
73,2020-01-03 19:52:25,33.0
25,2020-01-03 20:00:44,74.0
78,2020-01-03 21:31:50,56.00000000000001
16,2020-01-03 22:55:20,18.0
68,2020-01-04 01:56:20,65.0
62,2020-01-04 03:09:53,94.0
27,2020-01-04 03:15:36,53.0
93,2020-01-04 05:03:04,47.0
16,2020-01-04 06:10:51,61.0
93,2020-01-04 07:57:34,18.0
46,2020-01-04 08:32:38,51.0
66,2020-01-04 09:04:55,25.0
69,2020-01-04 09:38:55,10.0
42,2020-01-04 09:46:36,76.0
24,2020-01-04 10:59:56,28.000000000000004
88,2020-01-04 11:08:35,95.0
24,2020-01-04 11:21:35,18.0
34,2020-01-04 12:26:15,4.0
23,2020-01-04 12:46:30,15.0
17,2020-01-04 12:59:30,36.0
67,2020-01-04 13:09:40,54.0
94,2020-01-04 13:10:41,81.0
30,2020-01-04 14:24:46,88.0
15,2020-01-04 14:38:59,22.0
2,2020-01-04 14:41:25,56.00000000000001
45,2020-01-04 16:52:25,100.0
94,2020-01-04 17:31:44,71.0
28,2020-01-04 17:37:59,72.0
11,2020-01-04 17:50:58,48.0
54,2020-01-04 17:57:36,67.0
21,2020-01-04 19:07:07,34.0
32,2020-01-04 19:31:54,98.0
48,2020-01-04 21:04:15,97.0
75,2020-01-04 21:11:36,83.0
17,2020-01-04 21:21:57,84.0
83,2020-01-04 23:30:48,44.0
44,2020-01-05 01:29:04,49.0
79,2020-01-05 01:46:59,99.0
85,2020-01-05 02:27:15,71.0
78,2020-01-05 06:11:35,42.0
92,2020-01-05 08:17:43,10.0
67,2020-01-05 08:25:52,47.0
2,2020-01-05 09:05:29,69.0
55,2020-01-05 09:39:00,42.0
78,2020-01-05 10:12:53,19.0
56,2020-01-05 10:15:16,69.0
27,2020-01-05 11:22:40,88.0
12,2020-01-05 11:30:46,51.0
42,2020-01-05 12:27:03,67.0
85,2020-01-05 12:45:28,59.0
35,2020-01-05 14:01:37,81.0
32,2020-01-05 15:49:14,50.0
96,2020-01-05 16:59:03,71.0
65,2020-01-05 17:14:58,30.0
89,2020-01-05 17:40:54,28.999999999999996
51,2020-01-05 19:00:51,74.0
90,2020-01-05 21:41:28,83.0
14,2020-01-05 22:55:33,67.0
2,2020-01-06 01:37:07,4.0
2,2020-01-06 01:38:59,34.0
37,2020-01-06 02:10:59,64.0
40,2020-01-06 02:26:49,95.0
7,2020-01-06 02:37:59,6.0
86,2020-01-06 03:28:38,59.0
41,2020-01-06 04:26:05,64.0
70,2020-01-06 04:53:30,97.0
82,2020-01-06 04:53:41,79.0
37,2020-01-06 05:31:41,70.0
75,2020-01-06 05:37:01,24.0
18,2020-01-06 07:01:02,39.0
63,2020-01-06 07:43:51,55.00000000000001
49,2020-01-06 08:38:39,1.0
89,2020-01-06 09:01:56,17.0
44,2020-01-06 09:38:03,4.0
82,2020-01-06 09:56:00,95.0
43,2020-01-06 10:36:58,72.0
76,2020-01-06 12:19:58,100.0
60,2020-01-06 13:07:26,49.0
5,2020-01-06 16:28:19,51.0
10,2020-01-06 18:36:08,49.0
60,2020-01-06 19:35:57,83.0
26,2020-01-06 20:29:03,42.0
9,2020-01-06 21:30:12,16.0
16,2020-01-06 21:38:20,42.0
68,2020-01-06 22:04:49,97.0
37,2020-01-06 23:38:17,85.0
7,2020-01-07 00:43:44,57.99999999999999
2,2020-01-07 00:45:42,49.0
80,2020-01-07 00:58:54,99.0
71,2020-01-07 02:06:25,80.0
19,2020-01-07 02:11:28,24.0
29,2020-01-07 02:50:03,89.0
5,2020-01-07 05:01:14,72.0
31,2020-01-07 05:33:06,99.0
80,2020-01-07 05:35:06,92.0
28,2020-01-07 07:01:38,13.0
4,2020-01-07 07:10:10,100.0
55,2020-01-07 07:56:15,46.0
71,2020-01-07 09:24:09,35.0
29,2020-01-07 12:46:35,94.0
62,2020-01-07 14:11:43,28.000000000000004
71,2020-01-07 14:27:00,4.0
11,2020-01-07 14:42:35,64.0
43,2020-01-07 15:25:11,35.0
9,2020-01-07 16:11:10,61.0
23,2020-01-07 16:29:45,26.0
1,2020-01-07 16:57:23,73.0
97,2020-01-07 17:33:07,85.0
81,2020-01-07 17:52:58,18.0
65,2020-01-07 18:09:10,70.0
35,2020-01-07 18:56:22,74.0
90,2020-01-07 19:22:33,94.0
54,2020-01-07 19:39:54,27.0
93,2020-01-07 19:41:06,44.0
60,2020-01-07 19:51:20,40.0
58,2020-01-07 20:18:43,8.0
84,2020-01-07 20:53:48,93.0
91,2020-01-07 21:02:58,55.00000000000001
95,2020-01-07 21:22:05,67.0
24,2020-01-07 21:24:54,32.0
74,2020-01-07 21:26:03,37.0
37,2020-01-07 21:53:32,38.0
57,2020-01-07 22:54:00,70.0
21,2020-01-07 23:18:15,8.0
17,2020-01-08 00:34:59,56.00000000000001
6,2020-01-08 00:54:34,42.0
47,2020-01-08 02:44:27,86.0
23,2020-01-08 03:07:33,15.0
16,2020-01-08 03:29:51,27.0
5,2020-01-08 05:39:46,94.0
78,2020-01-08 05:44:19,98.0
35,2020-01-08 07:28:43,23.0
85,2020-01-08 07:43:07,3.0
87,2020-01-08 08:17:39,55.00000000000001
94,2020-01-08 08:30:01,81.0
44,2020-01-08 08:34:09,56.99999999999999
29,2020-01-08 08:47:53,42.0
48,2020-01-08 09:42:36,49.0
87,2020-01-08 10:07:09,75.0
81,2020-01-08 10:38:37,10.0
57,2020-01-08 11:03:26,41.0
61,2020-01-08 11:45:22,32.0
45,2020-01-08 11:53:44,85.0
9,2020-01-08 12:12:27,90.0
30,2020-01-08 12:57:06,42.0
27,2020-01-08 14:27:17,46.0
51,2020-01-08 14:58:33,84.0
36,2020-01-08 15:11:26,1.0
77,2020-01-08 15:18:30,95.0
71,2020-01-08 15:33:03,65.0
66,2020-01-08 16:38:35,71.0
99,2020-01-08 16:53:25,34.0
81,2020-01-08 19:11:12,13.0
58,2020-01-08 20:30:13,35.0
10,2020-01-08 20:45:54,30.0
11,2020-01-08 20:50:52,23.0
40,2020-01-08 21:16:47,95.0
53,2020-01-08 21:37:23,84.0
6,2020-01-08 21:40:36,1.0
53,2020-01-08 21:41:30,1.0
77,2020-01-08 23:59:05,37.0
36,2020-01-08 23:59:17,99.0
47,2020-01-09 01:07:11,86.0
72,2020-01-09 01:46:06,95.0
28,2020-01-09 03:37:17,77.0
47,2020-01-09 04:27:57,67.0
13,2020-01-09 06:13:21,48.0
99,2020-01-09 06:49:45,5.0
15,2020-01-09 07:48:56,23.0
68,2020-01-09 08:39:50,90.0
81,2020-01-09 09:24:41,25.0
82,2020-01-09 10:01:29,43.0
89,2020-01-09 10:29:39,37.0
20,2020-01-09 11:13:30,82.0
57,2020-01-09 11:44:13,11.0
63,2020-01-09 11:45:58,41.0
69,2020-01-09 12:33:01,49.0
64,2020-01-09 12:43:50,36.0
86,2020-01-09 13:05:18,31.0
98,2020-01-09 14:39:53,96.0
31,2020-01-09 16:46:41,75.0
95,2020-01-09 17:56:09,69.0
78,2020-01-09 18:01:55,86.0
67,2020-01-09 18:41:04,42.0
82,2020-01-09 19:11:36,89.0
31,2020-01-09 19:26:22,22.0
60,2020-01-09 19:54:55,84.0
79,2020-01-09 20:24:48,96.0
60,2020-01-09 20:38:59,5.0
65,2020-01-09 21:44:38,63.0
81,2020-01-09 22:51:03,60.0
48,2020-01-09 22:56:22,50.0
98,2020-01-09 23:28:42,91.0
65,2020-01-10 01:25:00,10.0
17,2020-01-10 01:43:48,45.0
41,2020-01-10 02:58:04,93.0
43,2020-01-10 03:11:43,51.0
78,2020-01-10 03:19:21,73.0
43,2020-01-10 03:35:00,55.00000000000001
57,2020-01-10 05:38:56,36.0
26,2020-01-10 06:02:58,59.0
70,2020-01-10 06:41:14,62.0
33,2020-01-10 06:54:34,98.0
31,2020-01-10 07:17:40,47.0
95,2020-01-10 07:54:47,71.0
57,2020-01-10 08:11:53,64.0
19,2020-01-10 08:19:47,32.0
95,2020-01-10 08:22:17,88.0
85,2020-01-10 08:40:40,10.0
60,2020-01-10 10:43:50,76.0
26,2020-01-10 11:10:51,96.0
12,2020-01-10 12:48:58,24.0
94,2020-01-10 13:18:43,95.0
79,2020-01-10 13:29:39,95.0
33,2020-01-10 14:02:55,45.0
95,2020-01-10 14:11:55,81.0
73,2020-01-10 14:37:59,40.0
28,2020-01-10 14:48:20,22.0
66,2020-01-10 14:57:38,44.0
86,2020-01-10 15:37:59,40.0
20,2020-01-10 15:50:02,47.0
52,2020-01-10 16:47:08,92.0
14,2020-01-10 17:36:03,15.0
90,2020-01-10 18:16:10,36.0
74,2020-01-10 18:53:20,2.0
59,2020-01-10 19:48:25,92.0
19,2020-01-10 19:53:14,65.0
19,2020-01-10 20:55:29,28.999999999999996
31,2020-01-10 21:01:05,35.0
95,2020-01-10 21:04:08,39.0
26,2020-01-10 21:56:37,7.000000000000001
39,2020-01-10 22:45:31,56.00000000000001
6,2020-01-10 22:46:09,64.0
14,2020-01-10 23:04:24,69.0
3,2020-01-11 01:25:53,99.0
29,2020-01-11 01:40:12,7.000000000000001
2,2020-01-11 02:25:29,54.0
67,2020-01-11 03:08:20,96.0
62,2020-01-11 03:39:58,1.0
76,2020-01-11 03:47:25,89.0
8,2020-01-11 04:35:50,44.0
24,2020-01-11 04:44:39,23.0
36,2020-01-11 05:04:02,86.0
25,2020-01-11 05:35:06,51.0
49,2020-01-11 06:11:10,1.0
50,2020-01-11 07:21:57,69.0
44,2020-01-11 08:22:08,89.0
22,2020-01-11 09:17:58,9.0
84,2020-01-11 09:39:18,33.0
29,2020-01-11 09:58:28,62.0
2,2020-01-11 10:08:44,88.0
83,2020-01-11 11:25:38,79.0
25,2020-01-11 13:22:30,98.0
31,2020-01-11 13:30:11,61.0
7,2020-01-11 13:39:50,3.0
28,2020-01-11 13:41:42,15.0
10,2020-01-11 16:27:51,30.0
84,2020-01-11 16:37:14,35.0
80,2020-01-11 18:02:25,44.0
50,2020-01-11 19:11:56,48.0
97,2020-01-11 20:10:35,34.0
60,2020-01-11 20:18:24,19.0
95,2020-01-11 20:38:25,27.0
24,2020-01-11 20:57:37,74.0
36,2020-01-11 21:05:30,88.0
45,2020-01-11 21:18:13,15.0
56,2020-01-11 21:40:40,72.0
93,2020-01-11 22:02:46,41.0
21,2020-01-11 22:13:06,24.0
30,2020-01-11 22:13:25,41.0
4,2020-01-11 22:44:19,81.0
53,2020-01-11 23:35:44,83.0
18,2020-01-11 23:59:22,74.0
86,2020-01-12 00:00:31,6.0
4,2020-01-12 02:58:46,67.0
21,2020-01-12 03:04:36,28.999999999999996
18,2020-01-12 03:26:39,33.0
93,2020-01-12 04:58:57,35.0
86,2020-01-12 05:23:28,62.0
50,2020-01-12 07:18:09,65.0
26,2020-01-12 07:28:25,60.0
45,2020-01-12 08:37:58,44.0
1,2020-01-12 08:39:48,46.0
67,2020-01-12 08:50:54,84.0
87,2020-01-12 09:17:49,1.0
21,2020-01-12 10:17:23,24.0
46,2020-01-12 10:17:45,47.0
63,2020-01-12 13:37:07,77.0
71,2020-01-12 14:06:59,83.0
89,2020-01-12 14:51:02,18.0
13,2020-01-12 14:57:52,82.0
78,2020-01-12 15:08:41,99.0
57,2020-01-12 15:15:44,91.0
9,2020-01-12 15:28:15,28.000000000000004
79,2020-01-12 16:31:09,25.0
13,2020-01-12 17:19:45,18.0
64,2020-01-12 17:48:00,50.0
9,2020-01-12 17:55:13,96.0
2,2020-01-12 17:55:22,45.0
22,2020-01-12 19:05:31,46.0
26,2020-01-12 19:35:16,84.0
97,2020-01-12 20:06:39,68.0
41,2020-01-12 20:08:18,59.0
33,2020-01-12 21:10:04,24.0
84,2020-01-12 21:16:09,44.0
81,2020-01-12 21:23:51,59.0
44,2020-01-12 22:19:28,20.0
85,2020-01-12 22:32:36,52.0
82,2020-01-12 22:39:36,97.0
78,2020-01-12 23:17:48,33.0
38,2020-01-13 00:38:56,13.0
63,2020-01-13 02:36:21,11.0
17,2020-01-13 03:04:37,76.0
9,2020-01-13 03:27:32,69.0
36,2020-01-13 03:40:53,26.0
82,2020-01-13 04:08:13,27.0
47,2020-01-13 05:48:36,43.0
75,2020-01-13 05:54:20,42.0
26,2020-01-13 06:02:38,32.0
77,2020-01-13 06:07:19,4.0
61,2020-01-13 06:34:01,32.0
79,2020-01-13 06:50:00,33.0
34,2020-01-13 07:01:54,54.0
44,2020-01-13 09:04:47,76.0
35,2020-01-13 09:05:01,62.0
87,2020-01-13 09:41:53,28.000000000000004
31,2020-01-13 09:45:27,35.0
66,2020-01-13 10:11:09,75.0
33,2020-01-13 10:18:17,48.0
26,2020-01-13 10:35:51,71.0
82,2020-01-13 10:59:53,44.0
52,2020-01-13 11:53:36,4.0
65,2020-01-13 13:08:17,84.0
14,2020-01-13 14:05:47,53.0
13,2020-01-13 14:38:59,56.00000000000001
79,2020-01-13 17:19:00,53.0
34,2020-01-13 18:39:38,64.0
74,2020-01-13 18:43:38,54.0
14,2020-01-13 19:38:46,74.0
98,2020-01-13 21:34:49,78.0
21,2020-01-13 22:29:53,13.0
62,2020-01-13 23:04:35,21.0
33,2020-01-13 23:12:28,27.0
65,2020-01-13 23:17:07,57.99999999999999
99,2020-01-14 01:03:27,17.0
91,2020-01-14 01:54:22,61.0
23,2020-01-14 02:49:00,24.0
17,2020-01-14 03:02:31,39.0
84,2020-01-14 03:23:54,53.0
77,2020-01-14 03:58:54,39.0
92,2020-01-14 04:28:57,6.0
53,2020-01-14 05:59:43,84.0
10,2020-01-14 06:21:47,24.0
20,2020-01-14 08:07:39,97.0
69,2020-01-14 08:32:02,60.0
23,2020-01-14 08:43:04,51.0
18,2020-01-14 09:05:11,12.0
89,2020-01-14 09:26:43,22.0
66,2020-01-14 10:59:13,49.0
39,2020-01-14 12:15:20,11.0
67,2020-01-14 12:51:22,14.000000000000002
38,2020-01-14 13:46:36,31.0
42,2020-01-14 14:50:32,45.0
58,2020-01-14 15:07:45,62.0
81,2020-01-14 15:54:42,15.0
75,2020-01-14 15:57:21,64.0
40,2020-01-14 16:16:24,98.0
4,2020-01-14 17:20:38,45.0
56,2020-01-14 17:40:55,99.0
48,2020-01-14 18:44:00,23.0
4,2020-01-14 19:01:42,95.0
70,2020-01-14 19:20:44,37.0
97,2020-01-14 19:53:35,24.0
1,2020-01-14 20:39:18,51.0
2,2020-01-14 20:50:36,6.0
69,2020-01-14 21:05:59,82.0
80,2020-01-14 21:11:54,49.0
38,2020-01-14 22:09:21,91.0
38,2020-01-14 22:16:26,59.0
86,2020-01-14 22:22:36,18.0
49,2020-01-14 22:36:06,35.0
18,2020-01-14 22:38:08,9.0
93,2020-01-14 23:14:39,74.0
99,2020-01-14 23:38:52,36.0
4,2020-01-15 00:44:09,65.0
1,2020-01-15 01:17:53,20.0
92,2020-01-15 02:08:41,75.0
35,2020-01-15 03:21:10,56.99999999999999
87,2020-01-15 03:24:35,41.0
34,2020-01-15 03:39:01,96.0
8,2020-01-15 03:53:08,66.0
83,2020-01-15 06:54:03,96.0
33,2020-01-15 07:55:34,56.00000000000001
85,2020-01-15 09:28:51,59.0
68,2020-01-15 09:29:28,42.0
6,2020-01-15 09:47:17,97.0
63,2020-01-15 10:26:56,97.0
53,2020-01-15 11:36:45,78.0
63,2020-01-15 11:50:25,19.0
88,2020-01-15 12:41:21,31.0
61,2020-01-15 12:43:57,65.0
44,2020-01-15 13:40:59,9.0
18,2020-01-15 14:02:23,32.0
5,2020-01-15 14:36:20,46.0
53,2020-01-15 15:52:27,25.0
72,2020-01-15 16:10:34,49.0
35,2020-01-15 17:12:47,1.0
11,2020-01-15 18:05:34,2.0
88,2020-01-15 18:57:30,44.0
36,2020-01-15 20:36:05,95.0
83,2020-01-15 21:12:39,52.0
55,2020-01-15 21:14:16,34.0
42,2020-01-15 21:56:18,51.0
45,2020-01-15 22:19:59,48.0
21,2020-01-15 22:23:30,55.00000000000001
63,2020-01-15 23:54:00,63.0
31,2020-01-16 00:14:20,9.0
44,2020-01-16 01:54:28,79.0
84,2020-01-16 01:56:22,6.0
3,2020-01-16 02:10:47,4.0
51,2020-01-16 02:29:27,14.000000000000002
68,2020-01-16 03:19:20,4.0
77,2020-01-16 03:43:12,12.0
9,2020-01-16 04:33:49,4.0
53,2020-01-16 05:18:55,34.0
97,2020-01-16 05:25:26,5.0
62,2020-01-16 05:27:00,19.0
44,2020-01-16 06:36:07,96.0
55,2020-01-16 07:58:14,14.000000000000002
78,2020-01-16 09:58:29,83.0
90,2020-01-16 10:00:18,55.00000000000001
72,2020-01-16 10:23:29,90.0
55,2020-01-16 10:37:15,47.0
83,2020-01-16 10:38:50,15.0
95,2020-01-16 11:24:43,83.0
35,2020-01-16 12:06:27,28.000000000000004
65,2020-01-16 12:39:22,22.0
43,2020-01-16 13:14:11,87.0
98,2020-01-16 13:21:40,96.0
69,2020-01-16 14:15:24,32.0
61,2020-01-16 14:42:32,83.0
97,2020-01-16 16:13:19,83.0
52,2020-01-16 16:30:45,71.0
77,2020-01-16 16:33:14,5.0
35,2020-01-16 17:26:34,23.0
18,2020-01-16 20:55:13,5.0
29,2020-01-16 21:52:52,88.0
3,2020-01-16 22:01:07,27.0
49,2020-01-16 22:09:30,80.0
84,2020-01-16 22:34:25,66.0
34,2020-01-16 23:04:22,3.0
28,2020-01-16 23:29:59,61.0
78,2020-01-16 23:35:47,49.0
84,2020-01-17 00:04:20,36.0
31,2020-01-17 00:37:37,34.0
54,2020-01-17 02:27:35,68.0
71,2020-01-17 03:59:11,42.0
63,2020-01-17 04:39:26,11.0
70,2020-01-17 05:28:54,41.0
7,2020-01-17 05:54:32,47.0
46,2020-01-17 07:01:29,70.0
59,2020-01-17 07:35:53,8.0
78,2020-01-17 09:14:27,92.0
6,2020-01-17 10:42:42,30.0
62,2020-01-17 10:54:09,53.0
34,2020-01-17 12:00:13,90.0
45,2020-01-17 12:00:19,19.0
73,2020-01-17 12:00:57,24.0
58,2020-01-17 12:06:09,63.0
33,2020-01-17 12:47:21,36.0
14,2020-01-17 14:32:12,11.0
48,2020-01-17 14:38:19,27.0
13,2020-01-17 15:30:25,88.0
93,2020-01-17 15:41:38,57.99999999999999
32,2020-01-17 17:36:10,11.0
45,2020-01-17 18:51:50,11.0
84,2020-01-17 20:00:56,19.0
62,2020-01-17 22:01:09,39.0
86,2020-01-17 22:21:53,31.0
95,2020-01-17 22:42:26,34.0
98,2020-01-17 23:19:29,12.0
1,2020-01-18 00:34:08,49.0
19,2020-01-18 00:46:41,100.0
62,2020-01-18 00:51:04,11.0
70,2020-01-18 01:02:38,24.0
56,2020-01-18 01:58:24,36.0
23,2020-01-18 02:17:57,59.0
31,2020-01-18 02:53:39,72.0
55,2020-01-18 03:21:28,75.0
44,2020-01-18 04:07:36,32.0
51,2020-01-18 05:28:41,32.0
70,2020-01-18 05:41:58,97.0
91,2020-01-18 06:50:20,60.0
17,2020-01-18 07:06:12,10.0
40,2020-01-18 07:36:49,41.0
71,2020-01-18 07:40:37,94.0
78,2020-01-18 08:04:29,39.0
21,2020-01-18 08:22:19,76.0
54,2020-01-18 09:34:30,90.0
6,2020-01-18 10:08:27,45.0
17,2020-01-18 10:55:19,66.0
39,2020-01-18 12:27:27,94.0
91,2020-01-18 12:27:51,26.0
45,2020-01-18 12:44:04,4.0
24,2020-01-18 12:53:57,91.0
15,2020-01-18 13:31:51,67.0
58,2020-01-18 13:53:09,41.0
58,2020-01-18 14:16:02,72.0
32,2020-01-18 14:22:02,72.0
1,2020-01-18 14:22:13,1.0
93,2020-01-18 14:42:36,18.0
57,2020-01-18 16:46:00,86.0
56,2020-01-18 16:53:04,43.0
48,2020-01-18 17:07:20,20.0
7,2020-01-18 17:17:49,99.0
91,2020-01-18 17:34:55,59.0
34,2020-01-18 17:49:23,86.0
41,2020-01-18 18:24:50,39.0
68,2020-01-18 19:27:51,80.0
55,2020-01-18 19:32:32,41.0
52,2020-01-18 19:45:24,63.0
15,2020-01-18 20:06:40,22.0
12,2020-01-18 21:23:04,93.0
70,2020-01-18 21:55:09,89.0
5,2020-01-18 23:22:44,66.0
16,2020-01-18 23:23:58,90.0
11,2020-01-18 23:33:01,98.0
28,2020-01-19 00:16:19,12.0
95,2020-01-19 00:26:14,14.000000000000002
24,2020-01-19 01:23:01,94.0
13,2020-01-19 02:58:21,2.0
72,2020-01-19 05:04:15,66.0
73,2020-01-19 07:27:11,64.0
53,2020-01-19 07:52:04,47.0
80,2020-01-19 08:03:35,36.0
1,2020-01-19 08:17:59,14.000000000000002
89,2020-01-19 08:37:54,18.0
14,2020-01-19 09:01:07,100.0
91,2020-01-19 10:07:59,14.000000000000002
35,2020-01-19 10:21:05,75.0
95,2020-01-19 10:39:32,10.0
82,2020-01-19 11:49:17,73.0
1,2020-01-19 14:24:54,28.000000000000004
72,2020-01-19 14:25:30,26.0
50,2020-01-19 14:34:48,72.0
99,2020-01-19 15:53:32,69.0
25,2020-01-19 16:10:52,42.0
10,2020-01-19 18:06:39,71.0
45,2020-01-19 20:57:06,70.0
98,2020-01-19 21:14:15,41.0
68,2020-01-19 21:37:05,59.0
65,2020-01-19 22:56:02,30.0
55,2020-01-19 23:27:24,72.0
51,2020-01-20 01:11:41,6.0
27,2020-01-20 02:15:35,89.0
56,2020-01-20 02:30:39,66.0
32,2020-01-20 03:11:25,57.99999999999999
43,2020-01-20 04:41:49,93.0
47,2020-01-20 04:49:29,44.0
90,2020-01-20 04:53:07,83.0
81,2020-01-20 05:31:28,28.999999999999996
50,2020-01-20 07:38:05,81.0
68,2020-01-20 08:30:41,14.000000000000002
57,2020-01-20 08:42:42,51.0
91,2020-01-20 08:51:10,27.0
60,2020-01-20 13:53:20,31.0
49,2020-01-20 15:17:26,65.0
63,2020-01-20 15:52:53,60.0
32,2020-01-20 17:21:21,67.0
5,2020-01-20 18:18:37,31.0
27,2020-01-20 18:51:55,48.0
35,2020-01-20 19:04:54,43.0
27,2020-01-20 19:22:13,45.0
28,2020-01-20 19:46:40,92.0
13,2020-01-20 20:09:03,27.0
21,2020-01-20 20:25:24,99.0
50,2020-01-20 21:07:33,99.0
87,2020-01-20 21:23:52,48.0
29,2020-01-20 22:19:54,42.0
43,2020-01-21 00:32:52,45.0
94,2020-01-21 01:20:15,53.0
27,2020-01-21 01:49:36,80.0
83,2020-01-21 01:56:27,20.0
98,2020-01-21 02:42:04,57.99999999999999
5,2020-01-21 02:55:33,95.0
60,2020-01-21 03:25:59,77.0
88,2020-01-21 04:49:29,72.0
89,2020-01-21 04:56:29,19.0
15,2020-01-21 06:19:39,24.0
61,2020-01-21 06:24:26,23.0
26,2020-01-21 08:13:40,69.0
93,2020-01-21 08:28:43,2.0
7,2020-01-21 08:42:21,38.0
76,2020-01-21 09:12:37,44.0
73,2020-01-21 14:13:05,81.0
75,2020-01-21 15:43:29,56.99999999999999
94,2020-01-21 16:09:06,46.0
69,2020-01-21 16:21:55,75.0
11,2020-01-21 16:22:46,52.0
38,2020-01-21 17:38:51,46.0
97,2020-01-21 19:37:27,1.0
30,2020-01-21 19:37:57,93.0
80,2020-01-21 21:44:14,41.0
71,2020-01-21 21:53:21,32.0
41,2020-01-21 22:11:19,11.0
59,2020-01-21 22:14:03,8.0
4,2020-01-21 23:05:04,94.0
15,2020-01-21 23:06:35,22.0
24,2020-01-21 23:12:38,61.0
38,2020-01-22 00:24:20,82.0
56,2020-01-22 02:14:59,73.0
65,2020-01-22 02:26:31,76.0
68,2020-01-22 02:48:13,71.0
26,2020-01-22 05:20:51,46.0
28,2020-01-22 05:44:54,46.0
23,2020-01-22 07:01:13,62.0
79,2020-01-22 07:06:00,32.0
10,2020-01-22 08:08:55,40.0
25,2020-01-22 08:26:12,44.0
9,2020-01-22 08:52:26,77.0
63,2020-01-22 09:41:34,39.0
52,2020-01-22 09:47:35,71.0
4,2020-01-22 11:35:44,16.0
46,2020-01-22 11:36:21,100.0
50,2020-01-22 11:48:17,28.000000000000004
16,2020-01-22 12:03:38,70.0
31,2020-01-22 12:09:06,33.0
71,2020-01-22 12:21:45,38.0
92,2020-01-22 12:35:32,69.0
31,2020-01-22 12:41:49,31.0
40,2020-01-22 12:48:46,10.0
1,2020-01-22 16:24:47,37.0
11,2020-01-22 16:26:12,11.0
55,2020-01-22 16:38:34,39.0
63,2020-01-22 17:03:53,85.0
17,2020-01-22 17:36:49,46.0
80,2020-01-22 18:03:13,77.0
11,2020-01-22 18:24:55,24.0
79,2020-01-22 18:59:41,35.0
38,2020-01-22 19:00:26,86.0
82,2020-01-22 19:07:31,18.0
47,2020-01-22 19:25:52,81.0
40,2020-01-22 19:34:49,96.0
24,2020-01-22 19:40:30,82.0
85,2020-01-22 20:00:45,45.0
71,2020-01-22 20:16:59,43.0
78,2020-01-22 20:33:49,69.0
50,2020-01-22 20:35:46,82.0
90,2020-01-23 01:16:50,89.0
60,2020-01-23 03:25:16,64.0
21,2020-01-23 03:30:03,3.0
25,2020-01-23 04:03:51,33.0
16,2020-01-23 05:56:34,48.0
25,2020-01-23 06:08:05,85.0
73,2020-01-23 06:29:34,11.0
21,2020-01-23 06:50:19,21.0
24,2020-01-23 07:38:36,13.0
63,2020-01-23 07:43:28,56.00000000000001
3,2020-01-23 08:45:30,96.0
99,2020-01-23 08:47:54,67.0
39,2020-01-23 09:00:40,52.0
39,2020-01-23 09:46:32,41.0
77,2020-01-23 10:56:15,99.0
68,2020-01-23 11:18:02,12.0
6,2020-01-23 11:36:03,31.0
55,2020-01-23 12:45:45,30.0
4,2020-01-23 15:58:42,56.00000000000001
38,2020-01-23 16:41:58,57.99999999999999
74,2020-01-23 17:29:54,64.0
9,2020-01-23 18:11:28,72.0
5,2020-01-23 19:43:55,32.0
18,2020-01-23 20:01:22,39.0
43,2020-01-23 20:15:05,36.0
92,2020-01-23 21:09:48,60.0
22,2020-01-23 21:20:01,60.0
64,2020-01-23 22:28:11,56.99999999999999
10,2020-01-23 23:03:55,93.0
32,2020-01-23 23:15:34,86.0
82,2020-01-23 23:42:34,98.0
11,2020-01-24 00:36:26,77.0
4,2020-01-24 02:22:27,50.0
27,2020-01-24 02:29:39,81.0
66,2020-01-24 02:30:59,71.0
42,2020-01-24 02:53:24,33.0
93,2020-01-24 03:48:02,37.0
45,2020-01-24 03:49:31,36.0
2,2020-01-24 04:06:26,66.0
43,2020-01-24 06:24:34,49.0
29,2020-01-24 06:52:49,76.0
44,2020-01-24 06:59:07,97.0
35,2020-01-24 07:48:42,76.0
93,2020-01-24 09:51:47,69.0
11,2020-01-24 11:33:07,15.0
60,2020-01-24 12:45:47,88.0
5,2020-01-24 13:55:30,35.0
88,2020-01-24 13:59:43,87.0
52,2020-01-24 15:57:21,94.0
72,2020-01-24 16:16:22,64.0
93,2020-01-24 16:21:17,53.0
77,2020-01-24 16:24:09,48.0
37,2020-01-24 18:11:59,23.0
53,2020-01-24 19:18:50,66.0
82,2020-01-24 19:45:04,49.0
24,2020-01-24 20:33:22,99.0
1,2020-01-24 20:58:00,69.0
8,2020-01-24 21:00:36,68.0
6,2020-01-24 21:40:35,38.0
12,2020-01-24 21:56:26,21.0
24,2020-01-24 22:02:35,57.99999999999999
66,2020-01-24 22:12:58,34.0
19,2020-01-25 00:07:01,18.0
92,2020-01-25 01:18:02,78.0
46,2020-01-25 02:32:23,40.0
85,2020-01-25 04:03:04,59.0
89,2020-01-25 04:10:32,2.0
31,2020-01-25 05:07:05,81.0
36,2020-01-25 07:15:36,12.0
61,2020-01-25 07:24:42,21.0
89,2020-01-25 08:16:45,65.0
59,2020-01-25 08:48:28,82.0
22,2020-01-25 09:07:21,17.0
70,2020-01-25 09:46:01,76.0
11,2020-01-25 09:58:30,88.0
5,2020-01-25 11:00:32,51.0
61,2020-01-25 14:27:21,56.99999999999999
75,2020-01-25 14:36:53,11.0
16,2020-01-25 15:09:53,23.0
60,2020-01-25 18:22:18,55.00000000000001
64,2020-01-25 19:01:48,86.0
8,2020-01-25 19:28:32,48.0
41,2020-01-25 22:04:35,30.0
50,2020-01-25 22:25:48,92.0
63,2020-01-26 00:18:47,64.0
32,2020-01-26 01:42:04,38.0
55,2020-01-26 02:29:05,23.0
33,2020-01-26 02:50:19,56.99999999999999
63,2020-01-26 03:57:44,36.0
51,2020-01-26 04:13:14,50.0
69,2020-01-26 05:23:28,25.0
92,2020-01-26 05:26:40,50.0
90,2020-01-26 05:29:17,18.0
21,2020-01-26 06:36:50,46.0
77,2020-01-26 06:42:00,88.0
11,2020-01-26 07:46:22,87.0
60,2020-01-26 09:18:49,59.0
17,2020-01-26 09:25:43,10.0
39,2020-01-26 10:05:55,87.0
65,2020-01-26 10:44:05,35.0
62,2020-01-26 11:03:02,1.0
25,2020-01-26 14:08:49,23.0
42,2020-01-26 14:27:18,47.0
16,2020-01-26 14:52:32,52.0
60,2020-01-26 15:34:25,79.0
93,2020-01-26 16:05:44,98.0
11,2020-01-26 16:12:42,59.0
41,2020-01-26 16:45:34,71.0
95,2020-01-26 17:02:26,28.000000000000004
4,2020-01-26 17:05:52,22.0
14,2020-01-26 18:32:01,39.0
98,2020-01-26 19:55:57,66.0
20,2020-01-26 20:27:01,55.00000000000001
89,2020-01-26 21:39:28,77.0
60,2020-01-26 22:30:30,52.0
21,2020-01-27 00:07:14,42.0
49,2020-01-27 00:31:02,60.0
71,2020-01-27 00:31:20,66.0
67,2020-01-27 01:33:07,18.0
21,2020-01-27 04:31:34,39.0
67,2020-01-27 04:44:28,39.0
94,2020-01-27 04:45:22,93.0
70,2020-01-27 06:52:08,40.0
94,2020-01-27 07:32:18,56.99999999999999
84,2020-01-27 08:27:50,90.0
86,2020-01-27 10:02:31,23.0
28,2020-01-27 10:06:53,28.000000000000004
63,2020-01-27 10:47:31,33.0
23,2020-01-27 11:37:00,15.0
42,2020-01-27 11:51:04,32.0
67,2020-01-27 12:08:58,20.0
97,2020-01-27 12:56:31,37.0
19,2020-01-27 13:49:44,59.0
21,2020-01-27 14:43:19,56.99999999999999
92,2020-01-27 15:02:20,18.0
82,2020-01-27 15:54:05,35.0
38,2020-01-27 16:02:24,52.0
83,2020-01-27 16:15:40,33.0
36,2020-01-27 16:35:07,97.0
26,2020-01-27 17:00:01,64.0
9,2020-01-27 17:52:26,28.000000000000004
17,2020-01-27 18:35:20,88.0
8,2020-01-27 21:32:41,87.0
88,2020-01-28 00:48:43,42.0
24,2020-01-28 01:38:03,51.0
74,2020-01-28 02:11:59,45.0
58,2020-01-28 04:52:43,33.0
92,2020-01-28 05:03:26,23.0
99,2020-01-28 05:15:22,47.0
84,2020-01-28 05:24:19,93.0
94,2020-01-28 05:25:43,39.0
5,2020-01-28 05:36:24,45.0
53,2020-01-28 07:18:09,12.0
74,2020-01-28 07:30:01,18.0
76,2020-01-28 08:53:23,31.0
55,2020-01-28 10:42:18,55.00000000000001
49,2020-01-28 11:06:23,68.0
37,2020-01-28 11:21:33,62.0
77,2020-01-28 12:22:28,24.0
80,2020-01-28 13:02:25,47.0
24,2020-01-28 13:17:40,99.0
89,2020-01-28 14:55:11,77.0
17,2020-01-28 14:57:07,94.0
64,2020-01-28 15:29:06,97.0
2,2020-01-28 15:32:24,57.99999999999999
68,2020-01-28 15:52:17,84.0
68,2020-01-28 16:11:42,65.0
1,2020-01-28 18:43:13,31.0
74,2020-01-28 19:12:02,56.00000000000001
42,2020-01-28 20:35:34,30.0
68,2020-01-28 21:35:25,74.0
99,2020-01-28 22:50:24,94.0
69,2020-01-28 23:22:32,91.0
98,2020-01-28 23:38:51,93.0
72,2020-01-29 00:19:43,74.0
53,2020-01-29 01:40:13,42.0
86,2020-01-29 02:07:46,72.0
13,2020-01-29 04:16:26,94.0
29,2020-01-29 04:26:06,38.0
77,2020-01-29 06:01:19,35.0
36,2020-01-29 06:07:30,81.0
55,2020-01-29 07:33:38,43.0
99,2020-01-29 07:57:30,28.999999999999996
81,2020-01-29 08:15:05,98.0
23,2020-01-29 08:35:20,47.0
71,2020-01-29 08:55:27,35.0
35,2020-01-29 10:37:05,37.0
77,2020-01-29 11:21:20,17.0
27,2020-01-29 11:43:30,35.0
68,2020-01-29 12:14:49,15.0
32,2020-01-29 12:53:03,71.0
44,2020-01-29 13:12:42,27.0
65,2020-01-29 14:02:33,41.0
33,2020-01-29 14:08:37,25.0
66,2020-01-29 14:29:24,12.0
14,2020-01-29 15:05:56,77.0
39,2020-01-29 15:15:19,40.0
40,2020-01-29 15:44:20,49.0
13,2020-01-29 17:10:13,21.0
53,2020-01-29 18:15:01,57.99999999999999
19,2020-01-29 19:36:45,68.0
30,2020-01-29 20:00:38,89.0
91,2020-01-29 20:01:45,73.0
72,2020-01-29 20:02:02,56.00000000000001
45,2020-01-29 20:53:44,2.0
41,2020-01-29 21:41:55,16.0
66,2020-01-29 21:50:55,95.0
19,2020-01-29 22:02:44,100.0
89,2020-01-29 23:21:50,5.0
87,2020-01-29 23:21:51,18.0
22,2020-01-29 23:26:13,67.0
11,2020-01-29 23:31:33,78.0
31,2020-01-29 23:53:59,56.99999999999999
57,2020-01-30 00:01:17,22.0
55,2020-01-30 01:38:02,3.0
20,2020-01-30 02:45:16,31.0
65,2020-01-30 03:24:00,28.000000000000004
49,2020-01-30 04:28:40,44.0
93,2020-01-30 06:10:17,49.0
73,2020-01-30 08:04:52,87.0
35,2020-01-30 08:36:32,14.000000000000002
39,2020-01-30 08:39:48,28.000000000000004
70,2020-01-30 09:19:58,23.0
57,2020-01-30 09:20:29,7.000000000000001
35,2020-01-30 09:51:17,12.0
64,2020-01-30 10:35:40,61.0
95,2020-01-30 10:54:13,15.0
24,2020-01-30 11:55:23,62.0
1,2020-01-30 12:17:58,48.0
73,2020-01-30 13:03:39,6.0
70,2020-01-30 13:29:29,10.0
73,2020-01-30 13:55:15,98.0
26,2020-01-30 14:34:08,27.0
26,2020-01-30 14:42:44,91.0
31,2020-01-30 16:49:50,26.0
78,2020-01-30 18:19:04,33.0
12,2020-01-30 18:30:00,85.0
19,2020-01-30 19:26:08,56.99999999999999
3,2020-01-30 19:51:26,38.0
2,2020-01-30 20:01:22,68.0
5,2020-01-30 20:53:48,44.0
42,2020-01-30 20:55:20,55.00000000000001
49,2020-01-30 21:02:24,81.0
55,2020-01-30 21:26:39,37.0
9,2020-01-30 21:43:22,36.0
19,2020-01-30 22:58:34,41.0
15,2020-01-30 23:01:06,86.0
